0.000000000000000000e+00,-1.479999999999999982e+00,1.850000000000000089e+00,-4.699999999999999734e-01,1.479999999999999982e+00,0.000000000000000000e+00,0.000000000000000000e+00,0.000000000000000000e+00,0.000000000000000000e+00,0.000000000000000000e+00,0.000000000000000000e+00,0.000000000000000000e+00
0.000000000000000000e+00,-1.479999999999999982e+00,1.850000000000000089e+00,-4.699999999999999734e-01,1.479999999999999982e+00,0.000000000000000000e+00,-1.908058559552655853e-01,-4.788597996922550060e-02,5.297667703069719458e-02,-6.825026721869742463e-03,-1.898526214349272045e-01,1.912759003320374171e-02
-7.632234238210623863e-03,-1.481915439198769002e+00,1.852119067081227977e+00,-4.702730010688747631e-01,1.472405895142602894e+00,7.651036013281496510e-04,-3.818521766558866104e-01,-8.888047477750293801e-02,9.824904508505261091e-02,-1.298686244376456855e-02,-3.799431826942756274e-01,3.830634098213048927e-02
-1.527408706623546372e-02,-1.483555218991100100e+00,1.853929961803402193e+00,-4.705194744977505561e-01,1.464802272692228957e+00,1.532253639285219727e-03,-3.819879992324318740e-01,-7.500999833050525645e-02,8.278526287637255621e-02,-1.169025008621593642e-02,-3.800755658063148523e-01,3.837634721835189028e-02
-2.291175420750789921e-02,-1.484915839131989213e+00,1.855430477596282879e+00,-4.707406110723234005e-01,1.457202872510350300e+00,2.300157490062225332e-03,-3.814320392843264518e-01,-6.097830915204327518e-02,6.722027450941636673e-02,-1.044745562062687760e-02,-3.795194047121197567e-01,3.838136548343578508e-02
-3.053136863760852124e-02,-1.485994351357181831e+00,1.856618772783778848e+00,-4.709373727225756312e-01,1.449621496503744167e+00,3.067508258622651113e-03,-3.801827285765685960e-01,-4.681348642041616159e-02,5.157247766320871563e-02,-9.246714048688486898e-03,-3.782731604708433615e-01,3.832079929891851061e-02
-3.811906335057064360e-02,-1.486788378588805859e+00,1.857493376702811227e+00,-4.711104796342709400e-01,1.442071946091516566e+00,3.832989462018965808e-03,-3.782416522654807878e-01,-3.254448646510810228e-02,3.586054924304971081e-02,-8.075683289077151272e-03,-3.763384356733456837e-01,3.819429029113200619e-02
-4.566103472822775206e-02,-1.487296130815786155e+00,1.858053194753500836e+00,-4.712604000541387173e-01,1.434567959076810340e+00,4.595279870267931360e-03,-3.756135616067712846e-01,-1.820097069133996825e-02,2.010339071603639560e-02,-6.921583466812375462e-03,-3.737199868087404120e-01,3.800172517051247228e-02
-5.314360581484149637e-02,-1.487516417416459458e+00,1.858297512331452683e+00,-4.713873429729434350e-01,1.427123146619166949e+00,5.353058468839464595e-03,-3.723063516191398858e-01,-3.813123073392876705e-03,4.320071235747180438e-03,-5.771344280579293606e-03,-3.704257016794387791e-01,3.774324084375442478e-02
-6.055328879299334832e-02,-1.487448655738721870e+00,1.858225997602930724e+00,-4.714912538253618890e-01,1.419750931009632788e+00,6.105009504018108282e-03,-3.683310037547831706e-01,1.058854027217726035e-02,-1.147023092689103407e-02,-4.611758084410721992e-03,-3.664665419221890819e-01,3.741922753130746265e-02
-6.787684596503282264e-02,-1.487092875805572367e+00,1.857838703094377042e+00,-4.715718132963198639e-01,1.412464484942279386e+00,6.849827570091763032e-03,-3.637014943545121559e-01,2.497336672234728994e-02,-2.724828810112822630e-02,-3.429636151656978438e-03,-3.618564514177469160e-01,3.703032978919270496e-02
-7.510134856717383400e-02,-1.486449721069827978e+00,1.857136066078885595e+00,-4.716284392714281681e-01,1.405276672952922912e+00,7.586222695585816481e-03,-3.584346703756430275e-01,3.931076514634979091e-02,-4.299488351721669765e-02,-2.211965486503819633e-03,-3.566122320807718626e-01,3.657744536413949643e-02
-8.221423278005854374e-02,-1.485520445199718376e+00,1.856118907753688374e+00,-4.716602919157800167e-01,1.398199995659048511e+00,8.312925384657342959e-03,-3.525500945517144324e-01,5.357040335604579262e-02,-5.869087161506358896e-02,-9.460635158581309767e-04,-3.507533891907499424e-01,3.606172184396328612e-02
-8.920335234924241241e-02,-1.484306904935586147e+00,1.854788431214283051e+00,-4.716662818120624934e-01,1.391246537385292914e+00,9.028691569344347856e-03,-3.460698627522823534e-01,6.772240210448643438e-02,-7.431723778431043037e-02,3.802719658954623050e-04,-3.443019490322274390e-01,3.548455110014077374e-02
-9.605702729014983787e-02,-1.482811549115538918e+00,1.853146218242315957e+00,-4.716450810371441982e-01,1.384427917697759414e+00,9.732307428662973978e-03,-3.390183968390393376e-01,8.173752280933865855e-02,-8.985515696833812349e-02,1.778620116041351729e-03,-3.372822521388929573e-01,3.484756155578507680e-02
-1.027640882228039870e-01,-1.481037404023212600e+00,1.851194224935549526e+00,-4.715951370074208393e-01,1.377755247299737196e+00,1.042259403157575100e-02,-3.314222167453528822e-01,9.558734632787446728e-02,-1.052860505827535320e-01,3.259803965512120261e-03,-3.297207258650902695e-01,3.415260834870800788e-02
-1.093139159599639532e-01,-1.478988055262423940e+00,1.848934776219005816e+00,-4.715146888785237134e-01,1.371239088663155803e+00,1.109841176261129429e-02,-3.233096958282600242e-01,1.092444403244796636e-01,-1.205916412258423165e-01,4.833769044139402116e-03,-3.216456403284717602e-01,3.340176149495971414e-02
-1.156964760559343885e-01,-1.476667626410233414e+00,1.846370559286515833e+00,-4.714017862456552632e-01,1.364889421686598325e+00,1.175866449137413956e-02,-3.147108037479754428e-01,1.226825130420827747e-01,-1.357540046937610878e-01,6.509475519390905962e-03,-3.130868519718943421e-01,3.259729219214257956e-02
-1.219023481098829714e-01,-1.474080754740740629e+00,1.843504616031255372e+00,-4.712543098577480771e-01,1.358715614584280029e+00,1.240230345029699754e-02,-3.056568412178550798e-01,1.358765516061954948e-01,-1.507556188557579446e-01,8.294805327420384788e-03,-3.040755390790961243e-01,3.174165743294542902e-02
-1.279227497046485917e-01,-1.471232564345985594e+00,1.840340334532285516e+00,-4.710699940325584478e-01,1.352726400123434480e+00,1.302833078869195665e-02,-2.961801709400486149e-01,1.488029433429516324e-01,-1.655794089933992908e-01,1.019648541471379621e-02,-2.946439335494932532e-01,3.083748312685406778e-02
-1.337495549474849166e-01,-1.468128637007022563e+00,1.836881439671519400e+00,-4.708464504411595253e-01,1.346929857242300299e+00,1.363580277537116033e-02,-2.863139489057031639e-01,1.614395789686307037e-01,-1.802087892617987297e-01,1.222002783159981121e-02,-2.848250531000517949e-01,2.988754595111614218e-02
-1.393753076608767183e-01,-1.464774981187240366e+00,1.833131982961813566e+00,-4.705811929192944554e-01,1.341333397999432409e+00,1.422383262673660234e-02,-2.760918600042516768e-01,1.737659368951927075e-01,-1.946276999885476755e-01,1.436968703808771952e-02,-2.746524378269443734e-01,2.889475417017853265e-02
-1.447932293476549837e-01,-1.461177999531214855e+00,1.829096331671977493e+00,-4.702716629596360165e-01,1.335943759729222524e+00,1.479159294217830163e-02,-2.655478615677595022e-01,1.857631482826471725e-01,-2.088206405863823889e-01,1.664843441018387660e-02,-2.641598947404733000e-01,2.786212767555890785e-02
-1.499972221235870984e-01,-1.457344455255934479e+00,1.824779157338358271e+00,-4.699152555428871003e-01,1.330767002209813477e+00,1.533831773375895872e-02,-2.547159380894614689e-01,1.974140428426640614e-01,-2.227726979171451571e-01,1.905794958224626967e-02,-2.533812534996460197e-01,2.679277750523363644e-02
-1.549818668712334424e-01,-1.453281437817508293e+00,1.820185423755291687e+00,-4.695093449763461657e-01,1.325808509589236683e+00,1.586330404238764716e-02,-2.436298699177170957e-01,2.087031757490809269e-01,-2.364695700061980599e-01,2.159862793785632951e-02,-2.423501361347835115e-01,2.568988510309503162e-02
-1.597424169202957822e-01,-1.448996328225971242e+00,1.815320374538110348e+00,-4.690513104253728471e-01,1.321072996764422136e+00,1.636591313788276006e-02,-2.323230182551878908e-01,2.196168363310935234e-01,-2.498975850668938570e-01,2.426960327606975110e-02,-2.310997430752748105e-01,2.455668157500812132e-02
-1.642747876014409580e-01,-1.444496764364264552e+00,1.810189520352615933e+00,-4.685385608453033757e-01,1.316564519866225691e+00,1.684557130538797201e-02,-2.208281283053642463e-01,2.301430395070025448e-01,-2.630437158527176855e-01,2.706878443784199728e-02,-2.196626573124249582e-01,2.339642718881349698e-02
-1.685755420525103521e-01,-1.439790606645691140e+00,1.804798625904001641e+00,-4.679685590478591672e-01,1.312286490471925138e+00,1.730177022543529994e-02,-2.091771519206336860e-01,2.402715011556366687e-01,-2.758955894095971306e-01,2.999290448284230859e-02,-2.080706680401056552e-01,2.221239135175639631e-02
-1.726418736782663055e-01,-1.434885904318039085e+00,1.799153696776232048e+00,-4.673388446659896833e-01,1.308241693144621465e+00,1.773406695945822786e-02,-1.974010906322598569e-01,2.499935988159063260e-01,-2.884414923516931406e-01,3.303758086160429874e-02,-1.963546146429462347e-01,2.100783328087786270e-02
-1.764715856778007463e-01,-1.429790862693054887e+00,1.793260966209933915e+00,-4.666470558133949953e-01,1.304432305886207288e+00,1.814208355667041445e-02,-1.855298594952342617e-01,2.593023192512422526e-01,-3.006703718300585138e-01,3.619738493208374264e-02,-1.845442514554318514e-01,1.978598356057658866e-02
-1.800630680580756759e-01,-1.424513811547989395e+00,1.787126881903029707e+00,-4.658909492687063336e-01,1.300859923086404191e+00,1.852550630188129141e-02,-1.735921717697694322e-01,2.681921945154430720e-01,-3.125718324043291751e-01,3.946591912138419644e-02,-1.726681333053092793e-01,1.855002675758719508e-02
-1.834152725485915236e-01,-1.419063174912437164e+00,1.780758092913760748e+00,-4.650684190485396274e-01,1.297525580553994917e+00,1.888408462697390225e-02,-1.616154440937447867e-01,2.766592282115953871e-01,-3.241361290629130032e-01,4.283590002948090003e-02,-1.607535214884825425e-01,1.730308523780260330e-02
-1.865276858218254674e-01,-1.413447442419525579e+00,1.774161436740513187e+00,-4.641775132675270976e-01,1.294429782226864889e+00,1.921762971139339554e-02,-1.496257214816242020e-01,2.847008136496576025e-01,-3.353541566666229379e-01,4.629924580785843569e-02,-1.488263095051234330e-01,1.604820430246411272e-02
-1.894003014078564917e-01,-1.407675142366450860e+00,1.767343926647095831e+00,-4.632164492162252900e-01,1.291572528173789980e+00,1.952601279907246676e-02,-1.376476212179199299e-01,2.923156455851616542e-01,-3.462174361143488532e-01,4.984716621681678506e-02,-1.369109676206348158e-01,1.478833873398864227e-02
-1.920335906705422646e-01,-1.401754816596119113e+00,1.760312739295939233e+00,-4.621836266188544262e-01,1.288953343522039496e+00,1.980916326075294123e-02,-1.257042944978609134e-01,2.995036271658368943e-01,-3.567180975474204541e-01,5.347025386510106948e-02,-1.250305051009092949e-01,1.352634081478263500e-02
-1.944284731877709282e-01,-1.395694997279817384e+00,1.753075202745199013e+00,-4.610776390616212472e-01,1.286571307969753608e+00,2.006706643166377216e-02,-1.138174045033045478e-01,3.062657736305929301e-01,-3.668488609217590568e-01,5.715857525842166220e-02,-1.132064488081729881e-01,1.226494985641099836e-02
-1.965862868506744465e-01,-1.389504185650895396e+00,1.745638784859068871e+00,-4.598972836085175597e-01,1.284425085569712577e+00,2.029976125500938117e-02,-1.020071194855420860e-01,3.126041142009705620e-01,-3.766030142841436668e-01,6.090176042340966767e-02,-1.014588367283630888e-01,1.100678325196731422e-02
-1.985087579671926117e-01,-1.383190832711778562e+00,1.738011082173833266e+00,-4.586415686446848605e-01,1.282512954500619085e+00,2.050733776174246473e-02,-9.029211935473180350e-02,3.185215934847052122e-01,-3.859743900915313386e-01,6.468909002485673243e-02,-8.980622493022782926e-02,9.754329041851590720e-03
-2.001979716248637187e-01,-1.376763321911507187e+00,1.730199809255407617e+00,-4.573097200075232904e-01,1.280832836572503464e+00,2.068993441668344480e-02,-7.868961424366202606e-02,3.240219735792804201e-01,-3.949573399104788773e-01,6.850957905142757154e-02,-7.826570642535113365e-02,8.509939962733376745e-03
-2.016563425369390927e-01,-1.370229953768607345e+00,1.722212788577414111e+00,-4.559011854826277577e-01,1.279382326243605039e+00,2.084773536025179980e-02,-6.721537351640841096e-02,3.291097379248597576e-01,-4.035467078279897368e-01,7.235205630359009543e-02,-6.685294040199019072e-02,7.275828931485595064e-03
-2.028865865655200551e-01,-1.363598932394512797e+00,1.714057940942288027e+00,-4.544156377553796866e-01,1.278158718956423856e+00,2.098096757394286860e-02,-5.588376372488990107e-02,3.337899978153036074e-01,-4.117378028961282688e-01,7.620523907324039392e-02,-5.558219033891531602e-02,6.054065900457181876e-03
-2.038916930859346888e-01,-1.356878353855995201e+00,1.705743276461568980e+00,-4.528529759196981419e-01,1.277159038630048427e+00,2.108989799627008707e-02,-4.470779407303379638e-02,3.380684023363611512e-01,-4.195263709209862135e-01,8.005780255392058731e-02,-4.446636956267902008e-02,4.846576007663545155e-03
-2.046748983284414070e-01,-1.350076196301058351e+00,1.697276886105448579e+00,-4.512133256532228631e-01,1.276380064173916695e+00,2.117483061424941040e-02,-3.369916802416286772e-02,3.419510523648527922e-01,-4.269085658924420823e-01,8.389844366088472505e-02,-3.351709288815785115e-02,3.655138935288772262e-03
-2.052396598069012035e-01,-1.343200311761401089e+00,1.688666933825871297e+00,-4.494970381732627529e-01,1.275818354914522113e+00,2.123610355368163796e-02,-2.286833977752644742e-02,3.454444191341332626e-01,-4.338809213354166694e-01,8.771593906952146469e-02,-2.274473307297686375e-02,2.481389382224738482e-03
-2.055896319195424649e-01,-1.336258419535693021e+00,1.679921649252031912e+00,-4.477046880904420045e-01,1.275470274850997621e+00,2.127408618953839994e-02,-1.222457444020261241e-02,3.485552677512271380e-01,-4.404403218462249470e-01,9.149919739733503032e-02,-1.215848091693505495e-02,1.326818551083009529e-03
-2.057286427845093080e-01,-1.329258101051352003e+00,1.671049320952022299e+00,-4.458370702773693517e-01,1.275332015677844710e+00,2.128917629572495834e-02,-1.776010827080759524e-03,3.512905859411219467e-01,-4.465839750596833913e-01,9.523730555799220232e-02,-1.766407944214787307e-03,1.927765470258017977e-04
-2.056606723526256952e-01,-1.322206796098048143e+00,1.662058290249644577e+00,-4.438951958681223164e-01,1.275399618533229029e+00,2.128179725141943202e-02,8.470274069094507752e-03,3.536575181946055579e-01,-4.523093842744518867e-01,9.891956940541596355e-02,8.424469284545876846e-03,-9.195244153410199461e-04
-2.053898318217455277e-01,-1.315111800323567781e+00,1.652956945581044224e+00,-4.418802875011527131e-01,1.275668994449226545e+00,2.125239531911131755e-02,1.850819978640588781e-02,3.556633054083491174e-01,-4.576143219455763855e-01,1.025355488617388233e-01,1.840812407400416184e-02,-2.009006100107003229e-03
-2.049203443611694597e-01,-1.307980263881714178e+00,1.643753717371821521e+00,-4.397937739136527635e-01,1.276135943496189196e+00,2.120143700741515189e-02,2.833261702304690210e-02,3.573152300295867612e-01,-4.624968042352073372e-01,1.060750877853941510e-01,2.817945444656411169e-02,-3.074719734140734378e-03
-2.042565271408236516e-01,-1.300819191122384311e+00,1.634457073411635930e+00,-4.376372839897369471e-01,1.276796172627089110e+00,2.112940652974568817e-02,3.793924282638055923e-02,3.586205666525954516e-01,-4.669550667948552114e-01,1.095283388855311513e-01,3.773421857990455486e-02,-4.115840984561958821e-03
-2.034027746481142374e-01,-1.293635441215610360e+00,1.625075514700027313e+00,-4.354126403582315175e-01,1.277645312239385378e+00,2.103680336803267353e-02,4.732459688378404250e-02,3.595865379598661704e-01,-4.709875419356079895e-01,1.128857840271377255e-01,4.706897136696475137e-02,-5.131664522527515371e-03
-2.023635432654722899e-01,-1.286435729603989664e+00,1.615617571734211610e+00,-4.331218526286514381e-01,1.278678931481767700e+00,2.092413994884458756e-02,5.648593936668985793e-02,3.602202758564765350e-01,-4.745928373268926137e-01,1.161382502986987864e-01,5.618100254545788097e-02,-6.121598260913456435e-03
-2.011433370734466430e-01,-1.279226630181351299e+00,1.606091801206951608e+00,-4.307671103462835660e-01,1.279892552341203693e+00,2.079193943759613528e-02,6.542121069585890569e-02,3.605287876113472123e-01,-4.777697163492911070e-01,1.192769222321934941e-01,6.506827676094339985e-02,-7.085157347511486514e-03
-1.997466948376379337e-01,-1.272014578099535775e+00,1.596506783080239966e+00,-4.283507757393636983e-01,1.281281662552205436e+00,2.064073365494412809e-02,7.412897352008090968e-02,3.605189267925801300e-01,-4.805170802130109831e-01,1.222933505746953697e-01,7.372937585187200327e-02,-8.021957988969645459e-03
-1.981781781326434067e-01,-1.264805873109648093e+00,1.586871117998431169e+00,-4.258753763232957512e-01,1.282841727375278573e+00,2.047106111803734946e-02,8.260835713236047706e-02,3.601973687652471057e-01,-4.828339519408031411e-01,1.251794580130430323e-01,8.216344357726557135e-02,-8.931711174060916886e-03
-1.964423605523435146e-01,-1.257606683348925891e+00,1.577193425002607841e+00,-4.233435974188419770e-01,1.284568200295296059e+00,2.028346520798169142e-02,9.085900448709757771e-02,3.595705905078516729e-01,-4.847194623024020377e-01,1.279275422490955272e-01,9.037013294748152958e-02,-9.814216358109383032e-03
-1.945438179531595035e-01,-1.250423049489334026e+00,1.567482339506335087e+00,-4.207582746333319301e-01,1.286456532693177834e+00,2.007849246371297414e-02,9.888102192856795813e-02,3.586448544972087316e-01,-4.861728377767937648e-01,1.305302768139338099e-01,9.834955626560892838e-02,-1.066935516367715706e-02
-1.924871196752007962e-01,-1.243260889169037542e+00,1.557746511491536090e+00,-4.181223863462846246e-01,1.288502182545920416e+00,1.985669100143460514e-02,1.066749316948278903e-01,3.574261964100211575e-01,-4.871933906088754540e-01,1.329807099960680916e-01,1.061022379412079886e-01,-1.149708514601478770e-02
-1.902768206853663879e-01,-1.236126001632933180e+00,1.547994603881980069e+00,-4.154390462334892065e-01,1.290700622210826154e+00,1.961860905787238263e-02,1.142416272215576734e-01,3.559204163918860964e-01,-4.877805110181543391e-01,1.352722622420865495e-01,1.136290700987863111e-01,-1.229743366540124797e-02
-1.879174545863384893e-01,-1.229024072513362098e+00,1.538235291050809916e+00,-4.127114958566011627e-01,1.293047345349871868e+00,1.936479365481855522e-02,1.215823312368281839e-01,3.541330736502035226e-01,-4.879336616089524625e-01,1.373987223689754344e-01,1.209312709702203836e-01,-1.307049190241394918e-02
-1.854135274358932606e-01,-1.221960678686925039e+00,1.528477257417621971e+00,-4.099430973387301891e-01,1.295537873049634969e+00,1.909578938177582466e-02,1.286985566097936795e-01,3.520694841357252525e-01,-4.876523740238614124e-01,1.393542429062852306e-01,1.280103460326087461e-01,-1.381640904642607304e-02
-1.827695123219467421e-01,-1.214941293147933088e+00,1.518729196089855460e+00,-4.071373261403497534e-01,1.298167759191176218e+00,1.881213729296151230e-02,1.355920698934053037e-01,3.497347210876189383e-01,-4.869362478750194345e-01,1.411333348639409735e-01,1.348680518303835285e-01,-1.453538668227142769e-02
-1.799898446401570484e-01,-1.207971289843420282e+00,1.508999807502621193e+00,-4.042977639441725501e-01,1.300932595122850310e+00,1.851437391448496755e-02,1.422648574828030976e-01,3.471336182282735994e-01,-4.857849519806778371e-01,1.427308621982467662e-01,1.415063624023049638e-01,-1.522767339506717402e-02
-1.770789180226346182e-01,-1.201055948418802144e+00,1.499297798010628346e+00,-4.014280916524198828e-01,1.303828013687268417e+00,1.820303035715882534e-02,1.487190942965989360e-01,3.442707754062523939e-01,-4.841982279274736900e-01,1.441420362249673515e-01,1.479274382198469961e-01,-1.589355960865887485e-02
-1.740410808682930910e-01,-1.194200458827170186e+00,1.489631878385522246e+00,-3.985320824951738561e-01,1.306849692651644190e+00,1.787863153013861256e-02,1.549571148773486173e-01,3.411505664981051567e-01,-4.821758959716815340e-01,1.453624102044914768e-01,1.541335975326463270e-01,-1.653337266905143335e-02
-1.708806334275406735e-01,-1.187409925758877938e+00,1.480010762171761085e+00,-3.956135952442402237e-01,1.309993357588574270e+00,1.754169545039676800e-02,1.609813867996232051e-01,3.377771493920045387e-01,-4.797178632848786428e-01,1.463878743002855476e-01,1.601272900090100482e-01,-1.714747218051326100e-02
-1.676018253963081628e-01,-1.180689372851490004e+00,1.470443163854127100e+00,-3.926765675231624342e-01,1.313254784252004592e+00,1.719273264291808212e-02,1.667944862688119922e-01,3.341544778879435018e-01,-4.768241345413093413e-01,1.472146510882677006e-01,1.659110725544143961e-01,-1.773624559877513829e-02
-1.642088539767881938e-01,-1.174043746643360198e+00,1.460937796790108711e+00,-3.897250092007095157e-01,1.316629800490750846e+00,1.683224562644576247e-02,1.723990757907495341e-01,3.302863153600399393e-01,-4.734948248351411593e-01,1.478392917714094201e-01,1.714875871880128244e-01,-1.830010408287556511e-02
-1.607058623646781814e-01,-1.167477920237088407e+00,1.451503370860721454e+00,-3.867629958523060574e-01,1.320114287739525105e+00,1.646072847960305952e-02,1.777978837911094179e-01,3.261762500363973860e-01,-4.697301749055415865e-01,1.482586732309582045e-01,1.768595408561113302e-01,-1.883947860471142655e-02
-1.570969386251438171e-01,-1.160996696641904302e+00,1.442148589793887048e+00,-3.837946622714711875e-01,1.323704182124995299e+00,1.607866648225730541e-02,1.829936860638793628e-01,3.218277117605361504e-01,-4.655305686361077555e-01,1.484699960231067317e-01,1.820296870620741192e-01,-1.935481631321275819e-02
-1.533861149221230069e-01,-1.154604811766666961e+00,1.432882148115277143e+00,-3.808241960113817881e-01,1.327395475222008070e+00,1.568653582707454919e-02,1.879892889299052128e-01,3.172439901054480149e-01,-4.608965527824582242e-01,1.484707834076615107e-01,1.870008091938768491e-01,-1.984657714824656846e-02
-1.495773670679476086e-01,-1.148306937037686382e+00,1.423712727682588719e+00,-3.778558309351647271e-01,1.331184214492750373e+00,1.528480339632744267e-02,1.927875139891878364e-01,3.124282537168843188e-01,-4.558288588672798625e-01,1.482588814733551419e-01,1.917757054332946964e-01,-2.031523069784728699e-02
-1.456746143625554935e-01,-1.142107681617991588e+00,1.414648993760585949e+00,-3.748938407524475824e-01,1.335066503439339858e+00,1.487392659916065771e-02,1.973911843541065192e-01,3.073835707662952998e-01,-4.503284271660246141e-01,1.478324604027234090e-01,1.963571751343373695e-01,-2.076125329113715293e-02
-1.416817196937833478e-01,-1.136011594207034570e+00,1.405699590595947734e+00,-3.719425325190557907e-01,1.339038501498123868e+00,1.445435326468195655e-02,2.018031122548787082e-01,3.021129303958924872e-01,-4.443964326885208038e-01,1.471900168979273227e-01,2.007480065625621979e-01,-2.118512531831566112e-02
-1.376024898723603451e-01,-1.130023164402155889e+00,1.396873136453045117e+00,-3.690062400765304895e-01,1.343096423701842346e+00,1.402652158642803126e-02,2.060260879131255163e-01,2.966192650386501040e-01,-4.380343130418462572e-01,1.463303777675215023e-01,2.049509658916759403e-01,-2.158732876834080008e-02
-1.334406761772583272e-01,-1.124146823605488565e+00,1.388178218074273884e+00,-3.660893174083549306e-01,1.347236540133790905e+00,1.359086011394832448e-02,2.100628695843279048e-01,2.909054734945681897e-01,-4.312437980381667035e-01,1.452527046527971044e-01,2.089687873586765221e-01,-2.196834497436355935e-02
-1.291999750889872289e-01,-1.118386945462373161e+00,1.379623384531518449e+00,-3.631961318904186053e-01,1.351455175196189407e+00,1.314778778745348889e-02,2.139161746750564697e-01,2.849744446413671195e-01,-4.240269408875230184e-01,1.439564998510431404e-01,2.128041644839151481e-01,-2.232865255659605835e-02
-1.248840291902560684e-01,-1.112747845819833881e+00,1.371217140438772963e+00,-3.603310574143132050e-01,1.355748706713147511e+00,1.269771401168448208e-02,2.175886718460633140e-01,2.788290816529148675e-01,-4.163861507902877346e-01,1.424416131718411749e-01,2.164597422676994842e-01,-2.266872555206525183e-02
-1.204964282151446964e-01,-1.107233782196256566e+00,1.362967938499906939e+00,-3.574984673635449584e-01,1.360113564886897386e+00,1.224103876537087875e-02,2.210829740175817293e-01,2.724723265924988702e-01,-4.083242267169995277e-01,1.407082497412781574e-01,2.199381102803099619e-01,-2.298903172060994329e-02
-1.160407102295527987e-01,-1.101848952756133926e+00,1.354884171370092982e+00,-3.547027274246620787e-01,1.364546231124359910e+00,1.177815274286008428e-02,2.244016321983625106e-01,2.659071852402994374e-01,-3.998443921349570385e-01,1.387569786479692091e-01,2.232417965675137506e-01,-2.329003101649976953e-02
-1.115203629272101954e-01,-1.096597494786644589e+00,1.346974162814508658e+00,-3.519481882176261900e-01,1.369043236749597936e+00,1.130943752471088790e-02,2.275471300651043249e-01,2.591367520056564455e-01,-3.909503304117822875e-01,1.365887423039766069e-01,2.263732622986847076e-01,-2.357217421517202038e-02
-1.069388250269486251e-01,-1.091483482675907668e+00,1.339246158153621691e+00,-3.492391777325030144e-01,1.373601161616307298e+00,1.083526577425320339e-02,2.305218792239143444e-01,2.521642347651065208e-01,-3.816462205961823617e-01,1.342048663732997582e-01,2.293348970897612915e-01,-2.383590168478347954e-02
-1.022994877582536211e-01,-1.086510925396040328e+00,1.331708313990661363e+00,-3.465799935626941997e-01,1.378216632633188388e+00,1.035600145731954864e-02,2.333282150902615815e-01,2.449929794568761476e-01,-3.719367732462730558e-01,1.316070701008781318e-01,2.321290149379429124e-01,-2.408164229254052338e-02
-9.760569642333816187e-02,-1.081683763497632622e+00,1.324368687223770769e+00,-3.439748949284678892e-01,1.382886322213825014e+00,9.872000082551582456e-03,2.359683933285290636e-01,2.376264942520633916e-01,-3.618272659464072394e-01,1.287974768561059302e-01,2.347578507097325407e-01,-2.430981243609375148e-02
-9.286075202511245852e-02,-1.077005865625957792e+00,1.317235223352805074e+00,-3.414280944884499625e-01,1.387606946661577689e+00,9.383608959875798516e-03,2.384445867967113775e-01,2.300684731123325832e-01,-3.513235781253398748e-01,1.257786246871450686e-01,2.372235571283576316e-01,-2.452081519064980286e-02
-8.806791295146970677e-02,-1.072481024573139319e+00,1.310315744098757174e+00,-3.389437499409820864e-01,1.392375264498959320e+00,8.891167474925590342e-03,2.407588829460401703e-01,2.223228185341874497e-01,-3.404322247624602671e-01,1.225534766660776875e-01,2.395282022107758646e-01,-2.471503956285123899e-02
-8.323039670727085115e-02,-1.068112952884590294e+00,1.303617934362306663e+00,-3.365259554218068550e-01,1.397188074750008724e+00,8.395007377361748957e-03,2.429132816293390895e-01,2.143936632711063162e-01,-3.291603885455074430e-01,1.191254307906383647e-01,2.416737671084911998e-01,-2.489285984290192516e-02
-7.835138168629614264e-02,-1.063905278042295066e+00,1.297149328556936876e+00,-3.341787327093565518e-01,1.402042215183298968e+00,7.895453081209513266e-03,2.449096932757167944e-01,2.062853908174289153e-01,-3.175159500237556554e-01,1.154983291963035397e-01,2.436621443101916196e-01,-2.505463504685629533e-02
-7.343400897624217938e-02,-1.059861537251893138e+00,1.290917296361356437e+00,-3.319060222539547134e-01,1.406934560522416389e+00,7.392821975487497144e-03,2.467499373927987127e-01,1.980026544325996785e-01,-3.055075152859576537e-01,1.116764664232799964e-01,2.454951361678281430e-01,-2.520070844144520553e-02
-6.848138419058419357e-02,-1.055985171864991079e+00,1.284929027945498570e+00,-3.297116740524253520e-01,1.411862020630012093e+00,6.887424743551705079e-03,2.484357413610801257e-01,1.895503944815246644e-01,-2.931444406831573701e-01,1.076645964770014952e-01,2.471744537110021067e-01,-2.533140714427101897e-02
-6.349657932179897379e-02,-1.052279521472632151e+00,1.279191518734030142e+00,-3.275994383948746536e-01,1.416821538670856473e+00,6.379565689716656419e-03,2.499687394881662528e-01,1.809338538667604190e-01,-2.804368541141910587e-01,1.034679384184694628e-01,2.487017157178250670e-01,-2.544704179266341765e-02
-5.848263461105754346e-02,-1.048747817710320662e+00,1.273711553780930927e+00,-3.255729565156865735e-01,1.421810089258725096e+00,5.869543071845168339e-03,2.513504722936538704e-01,1.721585913317780214e-01,-2.673956723966419702e-01,9.909218022259719261e-02,2.500784480133244614e-01,-2.554790627494734484e-02
-5.344256043005281981e-02,-1.045393177819361030e+00,1.268495691838164463e+00,-3.236357511859707659e-01,1.426824676591389451e+00,5.357649438718762626e-03,2.525823859982132547e-01,1.632304924219174502e-01,-2.540326142594584446e-01,9.454348064906609173e-02,2.513060829691438069e-01,-2.563427751832596940e-02
-4.837933917112901411e-02,-1.042218598013443964e+00,1.263550249210552590e+00,-3.217912172897239298e-01,1.431862332577490848e+00,4.844171971112129493e-03,2.536658321930581605e-01,1.541557779010049867e-01,-2.403602085159384227e-01,8.982846888140744168e-02,2.523859591811283831e-01,-2.570641532802565160e-02
-4.329592714233049255e-02,-1.039226946703320831e+00,1.258881283497526926e+00,-3.200426124307144682e-01,1.436920114958634587e+00,4.329392825597736492e-03,2.546020676684577766e-01,1.449410094375103153e-01,-2.263917970075080000e-01,8.495424170623655513e-02,2.533193213036244451e-01,-2.576456227278443520e-02
-3.819525646439070332e-02,-1.036420957635943552e+00,1.254494577330252270e+00,-3.183930476214744676e-01,1.441995105429635826e+00,3.813589480200752033e-03,2.553922543822585989e-01,1.355930923946813138e-01,-2.121415319505659536e-01,7.992835802601294670e-02,2.541073200216514838e-01,-2.580894361218822805e-02
-3.308023696704014832e-02,-1.033803223007533578e+00,1.250395622219504288e+00,-3.168454781096739503e-01,1.447084407759500646e+00,3.297035081110207336e-03,2.560374595515567120e-01,1.261192755841966662e-01,-1.976243673701694181e-01,7.475883052538573326e-02,2.547510121443719022e-01,-2.583976726176896721e-02
-2.795375808232843443e-02,-1.031376186612575685e+00,1.246589602635445493e+00,-3.154026944004590383e-01,1.452185145915410702e+00,2.779998789729993310e-03,2.565386558527008587e-01,1.165271478725582455e-01,-1.828560443655924406e-01,6.945411434291504094e-02,2.552513608051920624e-01,-2.585722379217535866e-02
-2.281869073293211342e-02,-1.029142137092631248e+00,1.243081380444880590e+00,-3.140673135359573487e-01,1.457294462191708329e+00,2.262746129423193024e-03,2.568967217167272832e-01,1.068246315634957533e-01,-1.678530700231883888e-01,6.402309263651428939e-02,2.556092357557271377e-01,-2.586148645911061708e-02
-1.767788921365934240e-02,-1.027103201350035855e+00,1.239875479834517957e+00,-3.128417706949984667e-01,1.462409515345639788e+00,1.745539331365568610e-03,2.571124417091401049e-01,9.701997251754246321e-02,-1.526326898705465673e-01,5.847505897186022761e-02,2.558254137427162789e-01,-2.585271126110054093e-02
-1.253419306456650915e-02,-1.025261338191929550e+00,1.236976072850058728e+00,-3.117283111770829396e-01,1.467527478741416980e+00,1.228637678979171369e-03,2.571865069846613339e-01,8.712172701136333686e-02,-1.372128538517869423e-01,5.281969650768325586e-02,2.559005789586898949e-01,-2.583103702251051195e-02
-7.390428934272888321e-03,-1.023618332269581321e+00,1.234386965680446480e+00,-3.107289828346911364e-01,1.472645538503987384e+00,7.122978504651481489e-04,2.571195158091970634e-01,7.713874538338161280e-02,-1.216121758954025189e-01,4.706705399948329926e-02,2.558353235586452445e-01,-2.579658549957184605e-02
-2.249412432198626827e-03,-1.022175788376594285e+00,1.232111585814242627e+00,-3.098456290171036076e-01,1.477760891683762789e+00,1.967742589962975363e-04,2.569119741428074200e-01,6.708015255815769073e-02,-1.058498872414159742e-01,4.122751869290869342e-02,2.556301482367073774e-01,-2.574946150750640622e-02
2.886050031439407748e-03,-1.020935126167255014e+00,1.230152970190789841e+00,-3.090798820869747887e-01,1.482870744433455679e+00,-3.176806098351079568e-04,2.565642962789381754e-01,5.695532558882554497e-02,-8.994578379206696894e-02,3.531178622879771467e-02,2.552854628580736307e-01,-2.568975306715396562e-02
8.013159418958901159e-03,-1.019897575353041264e+00,1.228513754462559948e+00,-3.084331575679516990e-01,1.487972310198085735e+00,-8.308158636898612141e-04,2.560768055365790774e-01,4.677386840352681929e-02,-7.392016784740773616e-02,2.933082773245859753e-02,2.548015871429498702e-01,-2.561753156980971918e-02
1.312912225290257043e-02,-1.019064171431113941e+00,1.227196163476893531e+00,-3.079066489776764448e-01,1.493062807919173673e+00,-1.342381872627496867e-03,2.554497350033642089e-01,3.654558398726859281e-02,-5.779378468174778405e-02,2.329585430906333521e-02,2.541787514006021986e-01,-2.553285195927068249e-02
1.823114881909346924e-02,-1.018435751993550520e+00,1.226202003075290037e+00,-3.075013233955891656e-01,1.498139460254109823e+00,-1.852129942060688674e-03,2.546832283289404697e-01,2.628044427363529500e-02,-4.158775450665563866e-02,1.721827921377372395e-02,2.534170973128413440e-01,-2.543575293036994672e-02
2.331645138606018922e-02,-1.018012953660168529e+00,1.225532653296627306e+00,-3.072179178091254959e-01,1.503199491811687327e+00,-2.359811989842294788e-03,2.537773405691917672e-01,1.598855806038135263e-02,-2.532350044855968818e-02,1.110967800811157868e-02,2.525166787675670044e-01,-2.532625714354730037e-02
2.838224244186113993e-02,-1.017796209671135266e+00,1.225189063057347649e+00,-3.070569362752647025e-01,1.508240127404812503e+00,-2.865180227802580776e-03,2.527320390831445662e-01,5.680137297903176119e-03,-9.022673241876333350e-03,4.981747052107410312e-03,2.514774627441984656e-01,-2.520437145526414208e-02
3.342573294938597228e-02,-1.017785748168252402e+00,1.225171746366952252e+00,-3.070186479270411994e-01,1.513258590321455266e+00,-3.367986848052860471e-03,2.515472044855948108e-01,-4.634537871012200938e-03,7.292926600060978259e-03,-1.153739286299804156e-03,2.502993302540279519e-01,-2.507008716432073195e-02
3.844413062128493319e-02,-1.017981591185975754e+00,1.225480780121350088e+00,-3.071030858467166946e-01,1.518252100614973621e+00,-3.867983714375410140e-03,2.502226316596868338e-01,-1.494515491873849022e-02,2.360142832601996865e-02,-7.284972298093883580e-03,2.489820773397488640e-01,-2.492338027437568382e-02
4.343463821577344536e-02,-1.018383554365001942e+00,1.226115803499993051e+00,-3.073100468189649548e-01,1.523217873415045220e+00,-4.364922059027887859e-03,2.487580308348651681e-01,-2.524140517026762787e-02,3.988097135632084900e-02,-1.340015305232172826e-02,2.475254161395101793e-01,-2.476421177320073733e-02
4.839445185467954047e-02,-1.018991247392786459e+00,1.227076018975602922e+00,-3.076390919688095638e-01,1.528153117260554028e+00,-4.858552185303439616e-03,2.471530287368033374e-01,-3.551302004489165220e-02,5.610978569959845785e-02,-1.948753653446544387e-02,2.459289760220639831e-01,-2.459252792942937665e-02
5.332075936524557913e-02,-1.019804075166797608e+00,1.228360194927976989e+00,-3.080895482803435725e-01,1.533055032455927780e+00,-5.348623176205062960e-03,2.454071698171031712e-01,-4.574980687574448091e-02,7.226627151458719922e-02,-2.553547537021000347e-02,2.441923048007887953e-01,-2.440826060777759321e-02
5.821073864736366760e-02,-1.020821239667816238e+00,1.229966669836186410e+00,-3.086605109836179639e-01,1.537920809452585580e+00,-5.834882609614543310e-03,2.435199175717633890e-01,-5.594168388815545789e-02,8.832907696958991473e-02,-3.153246270850840194e-02,2.423148700354871288e-01,-2.421132760392604236e-02
6.306155606811611469e-02,-1.022041742522323826e+00,1.231893358006760586e+00,-3.093508467886839086e-01,1.542747627257347265e+00,-6.317076280362104654e-03,2.414906559586366408e-01,-6.607871393278230698e-02,1.042771735833614155e-01,-3.746717385393200095e-02,2.402960604321602300e-01,-2.400163300045937698e-02
6.787036488570913351e-02,-1.023464388225127530e+00,1.234137756779520867e+00,-3.101591979377752439e-01,1.547532651869871989e+00,-6.794947929632918354e-03,2.393186909253472994e-01,-7.615113659151795389e-02,1.200899282771283882e-01,-4.332850626211082190e-02,2.381351873520676232e-01,-2.377906754545847101e-02
7.263430370513000722e-02,-1.025087787985984544e+00,1.236696955137845721e+00,-3.110839870391683415e-01,1.552273034751429970e+00,-7.268238982180443529e-03,2.370032520604307136e-01,-8.614939830302592583e-02,1.357471714271862862e-01,-4.910561754307013471e-02,2.358314864428223689e-01,-2.354350905553529230e-02
7.735049496812636260e-02,-1.026910364157248567e+00,1.239567643636608318e+00,-3.121234226394980493e-01,1.556965911327584884e+00,-7.736688291854330012e-03,2.345434943817777673e-01,-9.606418018927032065e-02,1.512292602794340635e-01,-5.478796115453293814e-02,2.333841194055052970e-01,-2.329482284528915439e-02
8.201604348040111847e-02,-1.028930355193555357e+00,1.242746125549023084e+00,-3.132755054853496590e-01,1.561608399527650182e+00,-8.200031895992009739e-03,2.319385002778523996e-01,-1.058864233037304370e-01,1.665171371689477819e-01,-6.036531950971424365e-02,2.307921759130804329e-01,-2.303286218534540686e-02
8.662803497924045915e-02,-1.031145821089397785e+00,1.246228329123366230e+00,-3.145380354198866191e-01,1.566197598364108101e+00,-8.658002779268146251e-03,2.291872816185862305e-01,-1.156073510652722014e-01,1.815923820774612008e-01,-6.582783427068472637e-02,2.280546756969814570e-01,-2.275746879131582134e-02
9.118353474514456769e-02,-1.033554649236166245e+00,1.250009820832121532e+00,-3.159086188561770481e-01,1.570730586555529440e+00,-9.110330647644642593e-03,2.262887820543464656e-01,-1.252184886873675129e-01,1.964372591567731252e-01,-7.116603364773765872e-02,2.251705708201046097e-01,-2.246847334619024930e-02
9.567958626141431777e-02,-1.036154560636892485e+00,1.254085819489637155e+00,-3.173846767657961254e-01,1.575204421196912286e+00,-9.556741713115756223e-03,2.232418795229507147e-01,-1.347116794596092682e-01,2.110347569443893345e-01,-7.637085657615227952e-02,2.221387481560588295e-01,-2.216569605883456084e-02
1.001132099260625963e-01,-1.038943116414550616e+00,1.258451211109897105e+00,-3.189634531192231393e-01,1.579616136481771793e+00,-9.996958489998025027e-03,2.200453889863424051e-01,-1.440790977861650113e-01,2.253686220965944731e-01,-8.143367369301685033e-02,2.189580320961281856e-01,-2.184894726142759189e-02
1.044814018208680140e-01,-1.041917724548339086e+00,1.263100564373500934e+00,-3.206420237135167994e-01,1.583962742480757413e+00,-1.043069960357285997e-02,2.166980654202635415e-01,-1.533132589326469120e-01,2.394233865615491563e-01,-8.634630508720653186e-02,2.156271875071447131e-01,-2.151802804881892267e-02
1.087811325428731379e-01,-1.045075646771856492e+00,1.268028146572359072e+00,-3.224173053227114005e-01,1.588241223982057582e+00,-1.085767961195078200e-02,2.131986070820747481e-01,-1.624070254781173617e-01,2.531843882085937913e-01,-9.110103484407938712e-02,2.121449229652905277e-01,-2.117273096293118689e-02
1.130093461041510039e-01,-1.048414005567463780e+00,1.273227939901844685e+00,-3.242860651072799749e-01,1.592448539399369034e+00,-1.127760884209010744e-02,2.095456590837714572e-01,-1.713536105113655506e-01,2.666377850181811393e-01,-9.569062245200349315e-02,2.085098942926688625e-01,-2.081284072546159963e-02
1.171629589062239962e-01,-1.051929791192311114e+00,1.278693657973086317e+00,-3.262449302207915403e-01,1.596581619753764336e+00,-1.169019324096924606e-02,2.057378172992296028e-01,-1.801465776498367699e-01,2.797705630179614378e-01,-1.001083111796599590e-01,2.047207084255320275e-01,-2.043813502225671000e-02
1.212388587961201886e-01,-1.055619868673457251e+00,1.284418762422563143e+00,-3.282903975544663733e-01,1.600637367736390315e+00,-1.209513424298037584e-02,2.017736326367904065e-01,-1.887798379948457672e-01,2.925705382230969764e-01,-1.043478335704603466e-01,2.007759276451137609e-01,-2.004838534284030319e-02
1.252339042116956125e-01,-1.059480984712104945e+00,1.290396479502010196e+00,-3.304188435636099541e-01,1.604612656859568887e+00,-1.249212865468285819e-02,1.976516157104670490e-01,-1.972476441674086978e-01,3.050263529025099007e-01,-1.084034142329159955e-01,1.966740742041561685e-01,-1.964335787866737168e-02
1.291449234245388711e-01,-1.063509774440153599e+00,1.296619816538663539e+00,-3.326265341237830131e-01,1.608504330704556562e+00,-1.288086855812707078e-02,1.933702419453106613e-01,-2.055445815954071165e-01,3.171274665462908704e-01,-1.122697701330763187e-01,1.924136353844696501e-01,-1.922281448375035354e-02
1.329687138895080389e-01,-1.067702767975921230e+00,1.303081578163861831e+00,-3.349096343689330069e-01,1.612309202274947673e+00,-1.326104123403287240e-02,1.889279571547997083e-01,-2.136655572439249973e-01,3.288641419529336751e-01,-1.159421086170162041e-01,1.879930690232456403e-01,-1.878651370135903109e-02
1.367020417107308594e-01,-1.072056396729910599e+00,1.309774382216780886e+00,-3.372642184684636613e-01,1.616024053465486388e+00,-1.363232910618143202e-02,1.843231836305317395e-01,-2.216057859973696864e-01,3.402274268882954367e-01,-1.194161234078200406e-01,1.834108095481845613e-01,-1.833421186052896015e-02
1.403416412347293085e-01,-1.076566999415816017e+00,1.316690675239393649e+00,-3.396862793052458085e-01,1.619645634656875055e+00,-1.399440970845403087e-02,1.795543267869695314e-01,-2.293607749139836560e-01,3.512091317916687938e-01,-1.226879888326606882e-01,1.786652745639882855e-01,-1.786566424612032883e-02
1.438842147822096407e-01,-1.081230827726469945e+00,1.323822747488447638e+00,-3.421717380217700888e-01,1.623170664448045919e+00,-1.434695567602624518e-02,1.746197824065036375e-01,-2.369263055807979690e-01,3.618018040182968686e-01,-1.257543525416848773e-01,1.737548720353365717e-01,-1.738062634614899113e-02
1.473264325309894540e-01,-1.086044051639047936e+00,1.331162747400125523e+00,-3.447164534069132036e-01,1.626595829538288518e+00,-1.468963476229999052e-02,1.695179445326509826e-01,-2.442984148009252898e-01,3.719986991129631271e-01,-1.286123269817585069e-01,1.686780081139649390e-01,-1.687885518006034674e-02
1.506649325635156800e-01,-1.091002764318506957e+00,1.338702695452966163e+00,-3.473162311010404291e-01,1.629917784772604517e+00,-1.502210988322865912e-02,1.642472140617572129e-01,-2.514733738448460265e-01,3.817937496067791425e-01,-1.312594798851429712e-01,1.634330956600038576e-01,-1.636011071152890586e-02
1.538963210934597425e-01,-1.096102986592841777e+00,1.346434497384396689e+00,-3.499668326023189224e-01,1.633133153364688672e+00,-1.534403919076114675e-02,1.588060080861139478e-01,-2.584476664943269331e-01,3.911815318195399627e-01,-1.336938240263055300e-01,1.580185635103481534e-01,-1.582415734923967379e-02
1.570171728869602379e-01,-1.101340670978280034e+00,1.354349956725747761e+00,-3.526639840620926503e-01,1.636238527313018443e+00,-1.565507617719824607e-02,1.531927700438806550e-01,-2.652179661018383428e-01,4.001572311346568434e-01,-1.359138064897430498e-01,1.524328665492735713e-01,-1.527076553894017932e-02
1.600240318952149687e-01,-1.106711705236915311e+00,1.362440786629782963e+00,-3.554033848619086444e-01,1.639230468026659615e+00,-1.595486981231875392e-02,1.474059807335850736e-01,-2.717811118803259429e-01,4.087166061929548011e-01,-1.379182976784756876e-01,1.466744966389099680e-01,-1.469971344983328834e-02
1.629134121163036408e-01,-1.112211915453493072e+00,1.370698620973465953e+00,-3.581807159692316778e-01,1.642105507178574841e+00,-1.624306471519157760e-02,1.414441702532395762e-01,-2.781340846287561064e-01,4.168559524270698535e-01,-1.397065802771657594e-01,1.407419944695009750e-01,-1.411078875811306796e-02
1.656817987053445518e-01,-1.117837068622065555e+00,1.379115024726865757e+00,-3.609916480729952748e-01,1.644860147805439654e+00,-1.651930136264327664e-02,1.353059309261495091e-01,-2.842739820881567958e-01,4.245720653306528369e-01,-1.412783383661117553e-01,1.346339623913339612e-01,-1.350379053012273900e-02
1.683256493533496212e-01,-1.123582874737019344e+00,1.387681503586692067e+00,-3.638318495038761480e-01,1.647490865674228200e+00,-1.678321633639648716e-02,1.289899312772888051e-01,-2.901979941115795381e-01,4.318622038266328733e-01,-1.426336468631148047e-01,1.283490782921670181e-01,-1.287853120722553743e-02
1.708413959564361040e-01,-1.129444988386528737e+00,1.396389512879931072e+00,-3.666969939475198670e-01,1.649994110937126335e+00,-1.703444261093229814e-02,1.224949311255864315e-01,-2.959033778199171572e-01,4.387240540679016032e-01,-1.437729614497618158e-01,1.218861105854285309e-01,-1.223483869402979332e-02
1.732254465983730785e-01,-1.135419009849816030e+00,1.405230465749408131e+00,-3.695827679618666206e-01,1.652366310097645341e+00,-1.727260988415767889e-02,1.158197978585066845e-01,-3.013874329040988620e-01,4.451556939720324735e-01,-1.446971091173879231e-01,1.152439343754252388e-01,-1.157255855108773115e-02
1.754741878707763714e-01,-1.141500485702692691e+00,1.414195740638812371e+00,-3.724848783122153839e-01,1.654603868312143344e+00,-1.749734495297580739e-02,1.089635239558239821e-01,-3.066474772234428769e-01,4.511555587599969108e-01,-1.454072794461372387e-01,1.084215488665163374e-01,-1.089155629259222491e-02
1.775839875566060377e-01,-1.147684908938753745e+00,1.423276688099808007e+00,-3.753990591397121102e-01,1.656703172052305995e+00,-1.770827213586136789e-02,1.019252458294150898e-01,-3.116808228400214098e-01,4.567224077379694602e-01,-1.459050167084016691e-01,1.014180960830779465e-01,-1.019171978891893898e-02
1.795511977039529750e-01,-1.153967718616293547e+00,1.432464636948331149e+00,-3.783210789805514507e-01,1.658660592155466462e+00,-1.790501374453256495e-02,9.470426404502990669e-02,-3.164847526198610872e-01,4.618552925314212132e-01,-1.461922128656908959e-01,9.423288096620519028e-02,-9.472961773105900707e-03
1.813721581184072340e-01,-1.160344299043548189e+00,1.441750899801064856e+00,-3.812467476543397460e-01,1.660472487290954202e+00,-1.808719060678560392e-02,8.730006499026304878e-02,-3.210564975244134533e-01,4.665535269522402828e-01,-1.462711015057821529e-01,8.686539291150041642e-02,-8.735222449516612253e-03
1.830432003035634969e-01,-1.166809978517270086e+00,1.451126778026420761e+00,-3.841719230407827368e-01,1.662135207871926479e+00,-1.825442264251322944e-02,7.971234405018540192e-02,-3.253932147096738614e-01,4.708166586528617081e-01,-1.461442527449299811e-01,7.931532880954272891e-02,-7.978472201997707097e-03
1.845606518804146501e-01,-1.173360027631935143e+00,1.460583566147179324e+00,-3.870925177641369452e-01,1.663645100443335911e+00,-1.840632949486551220e-02,7.194103034807511343e-02,-3.294919665457196611e-01,4.746444426966756058e-01,-1.458145690981058062e-01,7.158261764667050997e-02,-7.202714397818235637e-03
1.859208415174865014e-01,-1.179989657179098872e+00,1.470112555734287785e+00,-3.900045058047069690e-01,1.664998512577793299e+00,-1.854253121842595886e-02,6.398631310330291089e-02,-3.333497006668351137e-01,4.780368171511062414e-01,-1.452852822986419601e-01,6.366744671834068114e-02,-6.407988282551742298e-03
1.871201044045467665e-01,-1.186694015658608548e+00,1.479705038833223574e+00,-3.929039290560826236e-01,1.666191798312069539e+00,-1.866264902616758189e-02,5.584866965141002670e-02,-3.369632311613857123e-01,4.809938807890878909e-01,-1.445599510273481991e-01,5.557028950041731363e-02,-5.594371959849204351e-03
1.881547883035429025e-01,-1.193468186425554300e+00,1.489352310965851300e+00,-3.957869038458008970e-01,1.667221324157809992e+00,-1.876630609681992704e-02,4.752889516255742741e-02,-3.403292210112818239e-01,4.835158729660782306e-01,-1.436424594901355989e-01,4.729193521495478336e-02,-4.761985448735635285e-03
1.890212602110490636e-01,-1.200307184499059820e+00,1.499045673751866703e+00,-3.986496274356880476e-01,1.668083475720667730e+00,-1.885312844411700731e-02,3.902813408362959535e-02,-3.434441658934417330e-01,4.856031557230189311e-01,-1.425370167623327133e-01,3.883352011618268484e-02,-3.910993809654299963e-03
1.897159136668880863e-01,-1.207205953061291970e+00,1.508776437194772058e+00,-4.014883845162942055e-01,1.668774664962457299e+00,-1.892274584920609903e-02,3.034791331601935371e-02,-3.463043794598441583e-01,4.872561981509926365e-01,-1.412481567973300489e-01,3.019656050923802404e-02,-3.041610328982820299e-03
1.902351767436898378e-01,-1.214159359677453587e+00,1.518535921677906408e+00,-4.042995537075812496e-01,1.669291338141037251e+00,-1.897479285727632012e-02,2.149017712528220048e-02,-3.489059802185223713e-01,4.884755630404913340e-01,-1.397807389767802277e-01,2.138298749841949231e-02,-2.154099750152800585e-03
1.905755207518993743e-01,-1.221162192270032865e+00,1.528315459716391711e+00,-4.070796140753654146e-01,1.669629984462394079e+00,-1.900890983921221106e-02,1.245732376016217557e-02,-3.512448801450962499e-01,4.892618958267258567e-01,-1.381399490594001356e-01,1.239518344317569465e-02,-1.248781537828598520e-03
1.907334696940963248e-01,-1.228209154883257437e+00,1.538106397510975443e+00,-4.098251516699572550e-01,1.669787145478764279e+00,-1.902474411878946406e-02,3.252243736655280326e-03,-3.533167751630317266e-01,4.896159158326862659e-01,-1.363313003654137434e-01,3.236020078223322827e-03,-3.260331598459349778e-04
1.907056105013655856e-01,-1.235294863276554134e+00,1.547900096349699162e+00,-4.125328660899819644e-01,1.669759425265523012e+00,-1.902195116560604846e-02,-6.121640282493595597e-03,-3.551171376404316238e-01,4.895384098030808318e-01,-1.343606350139331385e-01,-6.091101770949736149e-03,6.137066302152813235e-04
1.904886040827965810e-01,-1.242413840388874702e+00,1.557687933903098676e+00,-4.151995770705145805e-01,1.669543501407926289e+00,-1.900019585358085281e-02,-1.566033211139877812e-02,-3.566412110617700471e-01,4.890302277145208709e-01,-1.322341250111519484e-01,-1.558221097472389793e-02,1.569934528835182502e-03
1.900791972169096344e-01,-1.249560511719024936e+00,1.567461305458279996e+00,-4.178222310904280423e-01,1.669136136826534056e+00,-1.895915378445264116e-02,-2.535921929914738970e-02,-3.578840070441791088e-01,4.880922808407850422e-01,-1.299582729681697524e-01,-2.523272351853678153e-02,2.542079457684177923e-03
1.894742353108306854e-01,-1.256729200670641866e+00,1.577211625136730078e+00,-4.203979079892413706e-01,1.668534192467184818e+00,-1.889851267527348569e-02,-3.521302919086005678e-02,-3.588403048792931926e-01,4.867255420458405091e-01,-1.275399122088488602e-01,-3.503739872188771365e-02,3.529499400998017955e-03
1.886706760492752322e-01,-1.263914123914196663e+00,1.586930327140113617e+00,-4.229238275787819967e-01,1.667734640877658547e+00,-1.881797380841272044e-02,-4.521578400147677201e-02,-3.595046537931190223e-01,4.849310482714863646e-01,-1.249862060104384165e-01,-4.499029446568547641e-02,4.531478330109008079e-03
1.876656039507716145e-01,-1.271109386822366627e+00,1.596608867067589532e+00,-4.253973562296589073e-01,1.666734580688557399e+00,-1.871725354206912537e-02,-5.536075515784055767e-02,-3.598713781273021883e-01,4.827099051811112318e-01,-1.223046457031071177e-01,-5.508472168216926868e-02,5.547223242041449814e-03
1.864562458429616099e-01,-1.278308979039288751e+00,1.606238723347358066e+00,-4.278160134069062814e-01,1.665531252010371777e+00,-1.859608487873106245e-02,-6.564041721492663850e-02,-3.599345856550972833e-01,4.800632939154836354e-01,-1.195030473393254855e-01,-6.531319841175942109e-02,6.575861341052372661e-03
1.850399872621745490e-01,-1.285506770248570518e+00,1.615811398824208878e+00,-4.301774781232319267e-01,1.664122052752087022e+00,-1.845421908842703046e-02,-7.604640170673776511e-02,-3.596881792538864087e-01,4.769924799107594371e-01,-1.165895466306382522e-01,-7.566740378584513316e-02,7.616437393942205453e-03
1.834143897746920993e-01,-1.292696506209444207e+00,1.625318422543788444e+00,-4.324795952721318115e-01,1.662504555858937971e+00,-1.829142738297337423e-02,-8.656945135131696722e-02,-3.591258721624301931e-01,4.734988237229453834e-01,-1.135725918382443633e-01,-8.613813235333056539e-02,8.667911291835184856e-03
1.815772092081218703e-01,-1.299871805135067726e+00,1.634751351773126693e+00,-4.347203817967617012e-01,1.660676527457953799e+00,-1.810750263675362307e-02,-9.719937509216833305e-02,-3.582412070547769112e-01,4.695837937963187603e-01,-1.104609342955586992e-01,-9.671524923147156727e-02,9.729155852916497593e-03
1.795264147710053659e-01,-1.307026154491635284e+00,1.644101774295641194e+00,-4.368980326439541595e-01,1.658635945889679109e+00,-1.790226114885671432e-02,-1.079250045245998268e-01,-3.570275791630883599e-01,4.652489811060422920e-01,-1.072636162360779410e-01,-1.073876466276546537e-01,1.079895490228993671e-02
1.772602090271378772e-01,-1.314152908301591260e+00,1.653361311017368385e+00,-4.390109264462048189e-01,1.656381021592847613e+00,-1.767554444066202560e-02,-1.187341523244338226e-01,-3.554782636776943061e-01,4.604961155971587505e-01,-1.039899555992360169e-01,-1.181432023477591020e-01,1.187600166664562820e-02
1.747770486780280130e-01,-1.321245285038743056e+00,1.662521618919527544e+00,-4.410576308679236002e-01,1.653910217795768745e+00,-1.742722108219088920e-02,-1.296135733672557078e-01,-3.535864476438388415e-01,4.553270843329904061e-01,-1.006495274912394544e-01,-1.289687409772921622e-01,1.295889752277934112e-02
1.720756660924476489e-01,-1.328296366207344814e+00,1.671574394390688001e+00,-4.430369075458543970e-01,1.651222271953755927e+00,-1.715718853975085195e-02,-1.405489292976340454e-01,-3.513452665600547142e-01,4.497439512559708863e-01,-9.725214198785525621e-02,-1.398499984926415696e-01,1.404615114014651570e-02
1.691550915061226512e-01,-1.335299095701145244e+00,1.680511376969766379e+00,-4.449477165474378104e-01,1.648316217856063082e+00,-1.686537503658502857e-02,-1.515247573781228208e-01,-3.487478458616521948e-01,4.437489784528125814e-01,-9.380781798273840622e-02,-1.507715911302887069e-01,1.513617805852752671e-02
1.660146757973227361e-01,-1.342246280041810902e+00,1.689324353528800504e+00,-4.467892202651639333e-01,1.645191408308544379e+00,-1.655174141740975088e-02,-1.625244445155764328e-01,-3.457873474440542605e-01,4.373446488036281110e-01,-9.032675280898072590e-02,-1.617169894093772875e-01,1.622730074249088827e-02
1.626541137254995939e-01,-1.349130589598907415e+00,1.698005162921911504e+00,-4.485607866597970395e-01,1.641847538279687990e+00,-1.621628300688539304e-02,-1.735302074252514926e-01,-3.424570213436506361e-01,4.305336898813072466e-01,-8.681928739393274252e-02,-1.726684982660320333e-01,1.731774915462776926e-02
1.590734675003126763e-01,-1.355944560895556927e+00,1.706545701124052794e+00,-4.502619917609212430e-01,1.638284668377903097e+00,-1.585903145122464011e-02,-1.845230799489262774e-01,-3.387502626473470890e-01,4.233190989530677406e-01,-8.329586674888089792e-02,-1.836072443135605692e-01,1.840566188944835549e-02
1.552731905275425428e-01,-1.362680600104801298e+00,1.714937926880034214e+00,-4.518926213297522754e-01,1.634503248507145567e+00,-1.548005653130745882e-02,-1.954829085891410245e-01,-3.346606736461366083e-01,4.157041689208273993e-01,-7.976699564661848818e-02,-1.945131712885850295e-01,1.948908790933554652e-02
1.512541511567470354e-01,-1.369330987841402392e+00,1.723173867880885890e+00,-4.534526715867859825e-01,1.630504141526359696e+00,-1.507946793485121818e-02,-2.063883573546185235e-01,-3.301821311814778781e-01,4.076925150207244553e-01,-7.624318940181729065e-02,-2.053650447761456999e-01,2.056598892299834475e-02
1.470176562333578019e-01,-1.375887885352060414e+00,1.731245627480863192e+00,-4.549423489058249670e-01,1.626288646716099739e+00,-1.465741697438752503e-02,-2.172169230286756514e-01,-3.253088590561559190e-01,3.992881020854321950e-01,-7.273491974199575161e-02,-2.161404673236444474e-01,2.163424244539919120e-02
1.425654742356000093e-01,-1.382343342203648628e+00,1.739145391964303178e+00,-4.563620683764658126e-01,1.621858522833413918e+00,-1.421409823703525047e-02,-2.279449619695839147e-01,-3.200355052934367173e-01,3.904952721556220752e-01,-6.925255584090822536e-02,-2.268159050508034014e-01,2.269164557609643085e-02
1.378998577545744453e-01,-1.388689305563797882e+00,1.746865438367088075e+00,-4.577124511394612960e-01,1.617216010514067603e+00,-1.374975115134366779e-02,-2.385477295257697194e-01,-3.143572239296676951e-01,3.813187722093991372e-01,-6.580630068120374432e-02,-2.373667268368073735e-01,2.373591953029022261e-02
1.330235650545692205e-01,-1.394917631160835336e+00,1.754398142852679143e+00,-4.589943204037139624e-01,1.612363853759941623e+00,-1.326466145582364149e-02,-2.489994330959588442e-01,-3.082697609168127961e-01,3.717637817614916074e-01,-6.240612301897374703e-02,-2.477672571132294443e-01,2.476471495352389196e-02
1.279398804307360915e-01,-1.401020096000470394e+00,1.761735989637547739e+00,-4.602086960602202459e-01,1.607305320229538426e+00,-1.275916255320271205e-02,-2.592732997814387041e-01,-3.017695435935718873e-01,3.618359400671677939e-01,-5.906168533828665135e-02,-2.579908432085886716e-01,2.577561804691309855e-02
1.226526330633116724e-01,-1.406988412904578212e+00,1.768871580455365855e+00,-4.613567878172454284e-01,1.602044220031598076e+00,-1.223363673394711748e-02,-2.693416594614979065e-01,-2.948537730581402005e-01,3.515413726501270819e-01,-5.578226830774690725e-02,-2.680099380745926130e-01,2.676615752489558756e-02
1.171662140522761741e-01,-1.412814246922796002e+00,1.775797644543552822e+00,-4.624399867925301222e-01,1.596584922706554721e+00,-1.168851625220688854e-02,-2.791760439711899466e-01,-2.875205186441298633e-01,3.408867168594120756e-01,-5.257669238170614712e-02,-2.777961990724220342e-01,2.773381242174720318e-02
1.114855913044640739e-01,-1.418489233650343406e+00,1.782507049129742338e+00,-4.634598555125136743e-01,1.590932372068701195e+00,-1.112428423707722928e-02,-2.887473028710181300e-01,-2.797688135664944120e-01,3.298791461479766429e-01,-4.945323732353651414e-02,-2.873206033082165156e-01,2.867602075644032009e-02
1.056163219374354478e-01,-1.424004999465455779e+00,1.788992810389471888e+00,-4.644181162854715827e-01,1.585092098574226060e+00,-1.054147542194927567e-02,-2.980257360700622193e-01,-2.715987506691275311e-01,3.185263927556747365e-01,-4.641956056437301914e-02,-2.965535797792628880e-01,2.959018905778045341e-02
9.956456186166158517e-02,-1.429353183677108508e+00,1.795248104839969328e+00,-4.653166379350885951e-01,1.579070228877530679e+00,-9.940676674766011148e-03,-3.069812432976680161e-01,-2.630115770739183123e-01,3.068367684725792355e-01,-4.348261544436654580e-02,-3.054651583264123005e-01,3.047370274309895571e-02
9.333707220552872608e-02,-1.434525462548412511e+00,1.801266281128375057e+00,-4.661574209032462446e-01,1.572873492241169568e+00,-9.322527312225317372e-03,-3.155834901158095507e-01,-2.540097864066670486e-01,2.948191831551649766e-01,-4.064857051074566296e-02,-3.140251350857159451e-01,3.132393733407883019e-02
8.694122225702920204e-02,-1.439513575133375189e+00,1.807040872166175927e+00,-4.669425807555184216e-01,1.566509223474102042e+00,-8.687719181402858010e-03,-3.238020898277814141e-01,-2.445972071627000588e-01,2.824831606686617480e-01,-3.792273116314109904e-02,-3.222032537963381849e-01,3.213827048253949104e-02
8.038498861241746840e-02,-1.444309350834920513e+00,1.812565607555121527e+00,-4.676743301497718885e-01,1.559985362089316041e+00,-8.036996492923737662e-03,-3.316068002740285570e-01,-2.347790856794929049e-01,2.698388519340788605e-01,-3.530946503680215676e-02,-3.299694019576082660e-01,3.291409476722233912e-02
7.367695024606805976e-02,-1.448904738560554906e+00,1.817834426243539081e+00,-4.683549593569905078e-01,1.553310447395797711e+00,-7.371155390713964549e-03,-3.389677341194552440e-01,-2.245621621101701049e-01,2.568970447688834202e-01,-3.281213259331838827e-02,-3.372938204421638275e-01,3.364883120985107112e-02
6.682627924763925864e-02,-1.453291837319327318e+00,1.822841489345876864e+00,-4.689868154535046241e-01,1.546493609271629488e+00,-6.691043244529694921e-03,-3.458555808371798768e-01,-2.139547377454087407e-01,2.436691702258741987e-01,-3.043302444098311410e-02,-3.441473247734860852e-01,3.433994344507749347e-02
5.984272701258086524e-02,-1.457462928070371255e+00,1.827581193052574049e+00,-4.695722803346298324e-01,1.539544554404858268e+00,-5.997557652910864845e-03,-3.522418381919273367e-01,-2.029667320175898571e-01,2.301673051560926275e-01,-2.817330692786307322e-02,-3.505015358750640520e-01,3.498495246450055579e-02
5.273660571996216517e-02,-1.461410506600030912e+00,1.832048181552120569e+00,-4.701137477306191470e-01,1.532473547836626926e+00,-5.291645145949672689e-03,-3.580990506341370505e-01,-1.916097275441619452e-01,2.164041707490071964e-01,-2.603297753535349646e-02,-3.563291177070104787e-01,3.558145183994742417e-02
4.551876498721538211e-02,-1.465127317172137733e+00,1.836237359882534337e+00,-4.706135994360439723e-01,1.525291389696577848e+00,-4.574299579312967809e-03,-3.634010516468586527e-01,-1.798970016312795295e-01,2.023931268360257274e-01,-2.401083154442429368e-02,-3.616040188377855902e-01,3.612712331587075026e-02
3.820056365408781851e-02,-1.468606386665282093e+00,1.840143906625561598e+00,-4.710741809923961188e-01,1.518009387083115502e+00,-3.846560213314842522e-03,-3.681232067559014332e-01,-1.678435427671098878e-01,1.881481617822811092e-01,-2.210444134788658310e-02,-3.663017146677327585e-01,3.661975264534769042e-02
3.079383671697932465e-02,-1.471841058882822129e+00,1.843763286353825581e+00,-4.714977770899594356e-01,1.510639321109868538e+00,-3.109509473499060157e-03,-3.722426536341459924e-01,-1.554660507881888698e-01,1.736838778358840152e-01,-2.031014963805449769e-02,-3.703994467423366022e-01,3.705724552912019465e-02
2.331085750872197854e-02,-1.474825028696809648e+00,1.847091261738996959e+00,-4.718865869779182987e-01,1.503193409213422038e+00,-2.364270392150034580e-03,-3.757385355178003428e-01,-1.427829196025298675e-01,1.590154718531133771e-01,-1.862307750980785048e-02,-3.738764553807671920e-01,3.743764350280607417e-02
